{
	"parent": "item/generated",
	"textures": {
		"layer0": "survisland:item/blockguessr_4"
	},
	"display": {
		"thirdperson_righthand": {
			"scale": [
				3.1811764705882353,
				1.69,
				1.69
			]
		},
		"thirdperson_lefthand": {
			"scale": [
				3.1811764705882353,
				1.69,
				1.69
			]
		},
		"firstperson_righthand": {
			"scale": [
				3.1811764705882353,
				1.69,
				1.69
			]
		},
		"firstperson_lefthand": {
			"scale": [
				3.1811764705882353,
				1.69,
				1.69
			]
		},
		"ground": {
			"scale": [
				3.1811764705882353,
				1.69,
				1.69
			]
		},
		"gui": {
			"scale": [
				3.1811764705882353,
				1.69,
				1.69
			]
		},
		"head": {
			"scale": [
				3.1811764705882353,
				1.69,
				1.69
			]
		},
		"fixed": {
			"scale": [
				3.1811764705882353,
				1.69,
				1.69
			]
		},
		"on_shelf": {
			"scale": [
				3.1811764705882353,
				1.69,
				1.69
			]
		}
	}
}
