{
	"parent": "item/generated",
	"textures": {
		"layer0": "survisland:item/scp_173"
	},
	"display": {
		"thirdperson_righthand": {
			"scale": [
				0.8888888888888888,
				0.5,
				0.5
			]
		},
		"thirdperson_lefthand": {
			"scale": [
				0.8888888888888888,
				0.5,
				0.5
			]
		},
		"firstperson_righthand": {
			"scale": [
				0,
				0,
				0
			]
		},
		"firstperson_lefthand": {
			"scale": [
				0,
				0,
				0
			]
		},
		"ground": {
			"scale": [
				0.8888888888888888,
				0.5,
				0.5
			]
		},
		"gui": {
			"scale": [
				0.8888888888888888,
				0.5,
				0.5
			]
		},
		"head": {
			"scale": [
				0.8888888888888888,
				0.5,
				0.5
			]
		},
		"fixed": {
			"scale": [
				0.8888888888888888,
				0.5,
				0.5
			]
		},
		"on_shelf": {
			"scale": [
				0.8888888888888888,
				0.5,
				0.5
			]
		}
	}
}
